{
  "schema_version": 1,
  "profiles": [],
  "global": {
    "keyboard_movement": false,
    "keyboard_movement_whitelist": [],
    "seen_servers": [],
    "show_splitscreen_ad": true,
    "notify_low_battery": true,
    "ingame_button_guide_scale": 1.0,
    "use_enhanced_steam_deck_driver": true,
    "reach_around": "off",
    "allow_server_rumble": true,
    "extra_ui_sounds": true,
    "virtual_mouse_screens": [
      "net.minecraft.class_465"
    ],
    "mixed_input": false,
    "out_of_focus_input": false
  },
  "devices": {}
}