{
  "fabric-loader-0.18.4.jar (modloader)": {
    "jarName": "fabric-loader-0.18.4.jar (modloader)",
    "modId": "fabric",
    "version": "fabric-loader-0.18.4.jar"
  },
  "animatica-0.6.1+1.21.jar": {
    "jarName": "animatica-0.6.1+1.21.jar",
    "modId": "animatica",
    "version": "0.6.1+1.21",
    "curseForgeHash": 3427423375,
    "modrinthHash": "fd805fa03e25013b9fe824bf43f7d8a90f565c84"
  },
  "appleskin-fabric-mc1.21-3.0.6.jar": {
    "jarName": "appleskin-fabric-mc1.21-3.0.6.jar",
    "modId": "appleskin",
    "version": "3.0.6+mc1.21",
    "curseForgeHash": 604462130,
    "modrinthHash": "97452cfadfde1f8f8c67838643019eabafa58fbb"
  },
  "architectury-13.0.8-fabric.jar": {
    "jarName": "architectury-13.0.8-fabric.jar",
    "modId": "architectury",
    "version": "13.0.8",
    "curseForgeHash": 584683133,
    "modrinthHash": "e71346a43c563e5784580dd096338acfb45f49d4"
  },
  "BetterAdvancements-Fabric-1.21.1-0.4.3.21.jar": {
    "jarName": "BetterAdvancements-Fabric-1.21.1-0.4.3.21.jar",
    "modId": "betteradvancements",
    "version": "0.4.3.21",
    "curseForgeHash": 3704291904,
    "modrinthHash": "f6c6193c8711340e52645b65dbb7ffde7fbf6f30"
  },
  "BetterF3-11.0.3-Fabric-1.21.1.jar": {
    "jarName": "BetterF3-11.0.3-Fabric-1.21.1.jar",
    "modId": "betterf3",
    "version": "11.0.3",
    "curseForgeHash": 3006790195,
    "modrinthHash": "22442f5594bd537ab603cb36fba70363ebb7992a"
  },
  "bettermounthud-1.2.4.jar": {
    "jarName": "bettermounthud-1.2.4.jar",
    "modId": "bettermounthud",
    "version": "1.2.4",
    "curseForgeHash": 2131871800,
    "modrinthHash": "4df822bd5bd7d2e125eb9c7fdb38bb4b6ee0476e"
  },
  "BetterThirdPerson-Fabric-1.21-1.9.0.jar": {
    "jarName": "BetterThirdPerson-Fabric-1.21-1.9.0.jar",
    "modId": "betterthirdperson",
    "version": "1.9.0",
    "curseForgeHash": 3974272920,
    "modrinthHash": "ea0dd2747e5d52d1b64dd29498e59602e79d9b69"
  },
  "bookshelf-fabric-1.21.1-21.1.81.jar": {
    "jarName": "bookshelf-fabric-1.21.1-21.1.81.jar",
    "modId": "bookshelf",
    "version": "21.1.81",
    "curseForgeHash": 3676693953,
    "modrinthHash": "c6cfd92af694102ee52ff1069f05804c75c0da7b"
  },
  "c2me-fabric-mc1.21.1-0.3.0+alpha.0.362.jar": {
    "jarName": "c2me-fabric-mc1.21.1-0.3.0+alpha.0.362.jar",
    "modId": "c2me",
    "version": "0.3.0+alpha.0.362+1.21.1",
    "curseForgeHash": 1649671955,
    "modrinthHash": "9beac89c94f36a342cb07cd9fcb42608bdd07771"
  },
  "capes-1.5.4+1.21-fabric.jar": {
    "jarName": "capes-1.5.4+1.21-fabric.jar",
    "modId": "capes",
    "version": "1.5.4+1.21",
    "curseForgeHash": 854205225,
    "modrinthHash": "11655909a800fd70e2e0ca940cddc2bdbcbe2003"
  },
  "cloth-config-15.0.140-fabric.jar": {
    "jarName": "cloth-config-15.0.140-fabric.jar",
    "modId": "cloth-config",
    "version": "15.0.140",
    "curseForgeHash": 1877101333,
    "modrinthHash": "5d82342a2df53fd6df712bfdd583a811572918a4"
  },
  "Clumps-fabric-1.21.1-19.0.0.1.jar": {
    "jarName": "Clumps-fabric-1.21.1-19.0.0.1.jar",
    "modId": "clumps",
    "version": "19.0.0.1",
    "curseForgeHash": 1960002860,
    "modrinthHash": "14628ba309d876cfefc4cef864a66ef12812066c"
  },
  "continuity-3.0.0+1.21.jar": {
    "jarName": "continuity-3.0.0+1.21.jar",
    "modId": "continuity",
    "version": "3.0.0+1.21",
    "curseForgeHash": 3854824062,
    "modrinthHash": "c7f09b53512604c2ba6803b1247bc70e4d0f8f8c"
  },
  "controlify-3.0.0-beta.2+1.21.1-fabric.jar": {
    "jarName": "controlify-3.0.0-beta.2+1.21.1-fabric.jar",
    "modId": "controlify",
    "version": "3.0.0-beta.2+1.21.1-fabric",
    "curseForgeHash": 3711182069,
    "modrinthHash": "93d1b48a71823924c7e1cdc858edfcf22759003c"
  },
  "Controlling-fabric-1.21.1-19.0.5.jar": {
    "jarName": "Controlling-fabric-1.21.1-19.0.5.jar",
    "modId": "controlling",
    "version": "19.0.5",
    "curseForgeHash": 3583113876,
    "modrinthHash": "22d2407311298d0185b606aa1dd03ae33b98dff3"
  },
  "CrashAssistant-fabric-1.19-1.21.4-1.10.30.jar": {
    "jarName": "CrashAssistant-fabric-1.19-1.21.4-1.10.30.jar",
    "modId": "crash_assistant",
    "version": "1.10.30",
    "curseForgeHash": 1252697828,
    "modrinthHash": "48e8654cdca4f7300bcb328c428c6bc6faae3a31"
  },
  "cwb-fabric-3.0.0+mc1.21.jar": {
    "jarName": "cwb-fabric-3.0.0+mc1.21.jar",
    "modId": "cubes-without-borders",
    "version": "3.0.0+mc1.21",
    "curseForgeHash": 1983836092,
    "modrinthHash": "0979201d1d131a3bf0594060c58da7dcb55aded6"
  },
  "dark-loading-screen-1.6.14.jar": {
    "jarName": "dark-loading-screen-1.6.14.jar",
    "modId": "dark-loading-screen",
    "version": "1.6.14",
    "curseForgeHash": 623509380,
    "modrinthHash": "c6ce1e2c34fe4a412183431ea6b323e5e6eaf8f0"
  },
  "Debugify-1.21.1+1.0.jar": {
    "jarName": "Debugify-1.21.1+1.0.jar",
    "modId": "debugify",
    "version": "1.21.1+1.0",
    "curseForgeHash": 3394246648,
    "modrinthHash": "6fb7d4ec9c2d2dc5b58577324b47671d3e28d7a4"
  },
  "dynamic-fps-3.11.4+minecraft-1.21.0-fabric.jar": {
    "jarName": "dynamic-fps-3.11.4+minecraft-1.21.0-fabric.jar",
    "modId": "dynamic_fps",
    "version": "3.11.4",
    "curseForgeHash": 4058804732,
    "modrinthHash": "c0ee92c6d8a48e077aa9b02f3470619eab17d59c"
  },
  "e4mc-fabric-6.0.5.jar": {
    "jarName": "e4mc-fabric-6.0.5.jar",
    "modId": "e4mc",
    "version": "6.0.5",
    "curseForgeHash": 2624012872,
    "modrinthHash": "adb4fc2a620f7c9c133863967b2bb48264e00c22"
  },
  "entity_model_features_1.21-fabric-3.0.11.jar": {
    "jarName": "entity_model_features_1.21-fabric-3.0.11.jar",
    "modId": "entity_model_features",
    "version": "3.0.11",
    "curseForgeHash": 3156379052,
    "modrinthHash": "fee1721edd600cf10c41afeaf93a186dbcf82131"
  },
  "entity_texture_features_1.21-fabric-7.0.8.jar": {
    "jarName": "entity_texture_features_1.21-fabric-7.0.8.jar",
    "modId": "entity_texture_features",
    "version": "7.0.8",
    "curseForgeHash": 3270967502,
    "modrinthHash": "6a8ead6c257b184ed1d59d535b7c51a05bb0ba69"
  },
  "entityculling-fabric-1.9.5-mc1.21.1.jar": {
    "jarName": "entityculling-fabric-1.9.5-mc1.21.1.jar",
    "modId": "entityculling",
    "version": "1.9.5",
    "curseForgeHash": 3162575748,
    "modrinthHash": "dffd306c5aeba040595e2f02badf441db638624b"
  },
  "EuphoriaPatcher-1.8.5-r5.7.1-fabric.jar": {
    "jarName": "EuphoriaPatcher-1.8.5-r5.7.1-fabric.jar",
    "modId": "euphoria_patcher",
    "version": "1.8.5-r5.7.1-fabric",
    "curseForgeHash": 236608,
    "modrinthHash": "da847d006603bbe0e30e661d6d98db747e191943"
  },
  "fabric-api-0.116.8+1.21.1.jar": {
    "jarName": "fabric-api-0.116.8+1.21.1.jar",
    "modId": "fabric-api",
    "version": "0.116.8+1.21.1",
    "curseForgeHash": 4173794501,
    "modrinthHash": "7bb69655470af3afa456bb2b6e984c87fdfacf47"
  },
  "fabric-language-kotlin-1.13.9+kotlin.2.3.10.jar": {
    "jarName": "fabric-language-kotlin-1.13.9+kotlin.2.3.10.jar",
    "modId": "fabric-language-kotlin",
    "version": "1.13.9+kotlin.2.3.10",
    "curseForgeHash": 3487618919,
    "modrinthHash": "20b2200961e11994595ebb2d5f6624f232d13751"
  },
  "fabrishot-1.14.1.jar": {
    "jarName": "fabrishot-1.14.1.jar",
    "modId": "fabrishot",
    "version": "1.14.1",
    "curseForgeHash": 3798318011,
    "modrinthHash": "c8afc690bb3508df7db793f37e1fe5407dba2f22"
  },
  "ferritecore-7.0.3-fabric.jar": {
    "jarName": "ferritecore-7.0.3-fabric.jar",
    "modId": "ferritecore",
    "version": "7.0.3",
    "curseForgeHash": 1285178334,
    "modrinthHash": "a8a6a34fcda177da2828cedef44e0e538cf78aad"
  },
  "ImmediatelyFast-Fabric-1.6.10+1.21.1.jar": {
    "jarName": "ImmediatelyFast-Fabric-1.6.10+1.21.1.jar",
    "modId": "immediatelyfast",
    "version": "1.6.10+1.21.1",
    "curseForgeHash": 1825094512,
    "modrinthHash": "ff2be016b12128fc0cd875a21a307d681edde817"
  },
  "indium-1.0.35+mc1.21.jar": {
    "jarName": "indium-1.0.35+mc1.21.jar",
    "modId": "indium",
    "version": "1.0.35+mc1.21",
    "curseForgeHash": 1980880126,
    "modrinthHash": "1bf4b5db91f4e6d7a4f94fe2e96525d22df1cacb"
  },
  "iris-fabric-1.8.8+mc1.21.1.jar": {
    "jarName": "iris-fabric-1.8.8+mc1.21.1.jar",
    "modId": "iris",
    "version": "1.8.8+mc1.21.1",
    "curseForgeHash": 3227894169,
    "modrinthHash": "4e0df4011503b4b36ba69877ea7247c1a47fea00"
  },
  "Jade-1.21.1-Fabric-15.10.5.jar": {
    "jarName": "Jade-1.21.1-Fabric-15.10.5.jar",
    "modId": "jade",
    "version": "15.10.5+fabric",
    "curseForgeHash": 598922761,
    "modrinthHash": "ec3bf463b891c2b2400ed5bb01c0b3d67de4170a"
  },
  "journeymap-fabric-1.21.1-6.0.0-beta.54.jar": {
    "jarName": "journeymap-fabric-1.21.1-6.0.0-beta.54.jar",
    "modId": "journeymap",
    "version": "1.21.1-6.0.0-beta.54",
    "curseForgeHash": 1017327819,
    "modrinthHash": "0613b80596a514c3c02de3ea05d964c7ae1a379a"
  },
  "lambdynamiclights-4.8.7+1.21.1.jar": {
    "jarName": "lambdynamiclights-4.8.7+1.21.1.jar",
    "modId": "lambdynlights",
    "version": "4.8.7+1.21.1",
    "curseForgeHash": 309871315,
    "modrinthHash": "b7dc4acb053b98810faffab19fde0f18b453a824"
  },
  "lithium-fabric-0.15.2+mc1.21.1.jar": {
    "jarName": "lithium-fabric-0.15.2+mc1.21.1.jar",
    "modId": "lithium",
    "version": "0.15.2+mc1.21.1",
    "curseForgeHash": 2882089689,
    "modrinthHash": "72d9c51e9ece62018f290bfbbf7bbb87190cc7ed"
  },
  "main-menu-credits-1.2.0.jar": {
    "jarName": "main-menu-credits-1.2.0.jar",
    "modId": "isxander-main-menu-credits",
    "version": "1.2.0",
    "curseForgeHash": 4067808806,
    "modrinthHash": "37ad23f76336eedbd940a1f99c5e49d969fdee67"
  },
  "midnightlib-fabric-1.9.2+1.21.1.jar": {
    "jarName": "midnightlib-fabric-1.9.2+1.21.1.jar",
    "modId": "midnightlib",
    "version": "1.9.2",
    "curseForgeHash": 2742242783,
    "modrinthHash": "8f6bf284633dc95788b4756e3c63369056d257e4"
  },
  "modelfix-1.21-1.6-fabric.jar": {
    "jarName": "modelfix-1.21-1.6-fabric.jar",
    "modId": "modelfix",
    "version": "1.21-1.6",
    "curseForgeHash": 2801841234,
    "modrinthHash": "b8069f2a672abdea1112daa6d716a0e482cf61ea"
  },
  "modernfix-fabric-5.25.1+mc1.21.1.jar": {
    "jarName": "modernfix-fabric-5.25.1+mc1.21.1.jar",
    "modId": "modernfix",
    "version": "5.25.1+mc1.21.1",
    "curseForgeHash": 4091424383,
    "modrinthHash": "4ab39e9c736e7204146792c545ec5b29fc0a3872"
  },
  "modmenu-11.0.3.jar": {
    "jarName": "modmenu-11.0.3.jar",
    "modId": "modmenu",
    "version": "11.0.3",
    "curseForgeHash": 2497936418,
    "modrinthHash": "6213120772192040a0aeb5c7cfe330c068605b1f"
  },
  "morechathistory-1.3.1.jar": {
    "jarName": "morechathistory-1.3.1.jar",
    "modId": "morechathistory",
    "version": "1.3.1",
    "curseForgeHash": 666534328,
    "modrinthHash": "b4337ef9dc0a6cdf31d8f3df68a6542f64f3625e"
  },
  "moreculling-fabric-1.21.1-1.0.6.jar": {
    "jarName": "moreculling-fabric-1.21.1-1.0.6.jar",
    "modId": "moreculling",
    "version": "1.0.6",
    "curseForgeHash": 1900172612,
    "modrinthHash": "e14150baf443abc24ee6236b837c287dd5950e95"
  },
  "MouseTweaks-fabric-mc1.21-2.26.jar": {
    "jarName": "MouseTweaks-fabric-mc1.21-2.26.jar",
    "modId": "mousetweaks",
    "version": "2.26",
    "curseForgeHash": 717601083,
    "modrinthHash": "ee81af33a5606ef2cd057e075833d7c69836c210"
  },
  "notenoughanimations-fabric-1.11.2-mc1.21.1.jar": {
    "jarName": "notenoughanimations-fabric-1.11.2-mc1.21.1.jar",
    "modId": "notenoughanimations",
    "version": "1.11.2",
    "curseForgeHash": 3345329824,
    "modrinthHash": "0b0ca00f2d5f4b8fd5e8bb9f808e320f10f09468"
  },
  "placeholder-api-2.4.2+1.21.jar": {
    "jarName": "placeholder-api-2.4.2+1.21.jar",
    "modId": "placeholder-api",
    "version": "2.4.2+1.21",
    "curseForgeHash": 2589927179,
    "modrinthHash": "aa1b9a49f9f190dfe4825c502b150817dd2998c3"
  },
  "puzzle-fabric-2.3.0+1.21.1.jar": {
    "jarName": "puzzle-fabric-2.3.0+1.21.1.jar",
    "modId": "puzzle",
    "version": "2.3.0",
    "curseForgeHash": 3413463020,
    "modrinthHash": "6e098581076a312c608f00912e57ed95cb42b51e"
  },
  "reeses-sodium-options-fabric-1.8.3+mc1.21.4.jar": {
    "jarName": "reeses-sodium-options-fabric-1.8.3+mc1.21.4.jar",
    "modId": "reeses-sodium-options",
    "version": "1.8.3+mc1.21.4",
    "curseForgeHash": 1957765779,
    "modrinthHash": "c72f07a8f139f0420cbce29bd9eb29fb24db427f"
  },
  "RoughlyEnoughItems-16.0.799-fabric.jar": {
    "jarName": "RoughlyEnoughItems-16.0.799-fabric.jar",
    "modId": "roughlyenoughitems",
    "version": "16.0.799",
    "curseForgeHash": 1057235278,
    "modrinthHash": "ea0efe8b13a52e9d8d5a18d062810117a7efec0f"
  },
  "Searchables-fabric-1.21.1-1.0.2.jar": {
    "jarName": "Searchables-fabric-1.21.1-1.0.2.jar",
    "modId": "searchables",
    "version": "1.0.2",
    "curseForgeHash": 1171805511,
    "modrinthHash": "2777db0b967e80e0659053154f32f14a0e99a7a7"
  },
  "silk-all-1.10.7.jar": {
    "jarName": "silk-all-1.10.7.jar",
    "modId": "silk-all",
    "version": "1.10.7",
    "curseForgeHash": 2016317552,
    "modrinthHash": "18a32f96e58d54f14948b92279bf0c8294fbb738"
  },
  "skinlayers3d-fabric-1.10.1-mc1.21.1.jar": {
    "jarName": "skinlayers3d-fabric-1.10.1-mc1.21.1.jar",
    "modId": "skinlayers3d",
    "version": "1.10.1",
    "curseForgeHash": 4192459352,
    "modrinthHash": "9b8b545834018364061d2165532a344d79185c91"
  },
  "sodium-fabric-0.6.13+mc1.21.1.jar": {
    "jarName": "sodium-fabric-0.6.13+mc1.21.1.jar",
    "modId": "sodium",
    "version": "0.6.13+mc1.21.1",
    "curseForgeHash": 4286610893,
    "modrinthHash": "928a2598178c3a58b0638bab842f467d2e49251a"
  },
  "sound-physics-remastered-fabric-1.21.1-1.5.1.jar": {
    "jarName": "sound-physics-remastered-fabric-1.21.1-1.5.1.jar",
    "modId": "sound_physics_remastered",
    "version": "1.21.1-1.5.1",
    "curseForgeHash": 3301089618,
    "modrinthHash": "07d9f758338ad5be38b7fa1eb32c71a7c4840ea0"
  },
  "spawnanimations-v1.11.3-mc1.17-1.21.11-mod.jar": {
    "jarName": "spawnanimations-v1.11.3-mc1.17-1.21.11-mod.jar",
    "modId": "spawnanimations",
    "version": "1.11.3+mod",
    "curseForgeHash": 3958920770,
    "modrinthHash": "d8d38a01b2e46db2dfd393a946bb02a31edbcd7c"
  },
  "visuality-0.7.7+1.21.jar": {
    "jarName": "visuality-0.7.7+1.21.jar",
    "modId": "visuality",
    "version": "0.7.7+1.21",
    "curseForgeHash": 3656518694,
    "modrinthHash": "8d239710c1c1983d780ad04686c3c3d0d1b1585e"
  },
  "voicechat-fabric-1.21.1-2.6.12.jar": {
    "jarName": "voicechat-fabric-1.21.1-2.6.12.jar",
    "modId": "voicechat",
    "version": "1.21.1-2.6.12",
    "curseForgeHash": 190356137,
    "modrinthHash": "c074f0a66b5a416337e62e96a74cd8ae2b0ad4d7"
  },
  "yet_another_config_lib_v3-3.8.2+1.21.1-fabric.jar": {
    "jarName": "yet_another_config_lib_v3-3.8.2+1.21.1-fabric.jar",
    "modId": "yet_another_config_lib_v3",
    "version": "3.8.2+1.21.1-fabric",
    "curseForgeHash": 694201957,
    "modrinthHash": "e075503382f70715ab9fc6f66d603397a86eb3e0"
  },
  "zoomify-2.15.2+1.21.1.jar": {
    "jarName": "zoomify-2.15.2+1.21.1.jar",
    "modId": "zoomify",
    "version": "2.15.2+1.21.1",
    "curseForgeHash": 3994356335,
    "modrinthHash": "9ec9c47e1d3465ea0cbd595b6d9d12227239c9a6"
  }
}